sample_id,model,model_label_in_source,source_label_was_correct,median_rating
pilot_0800,meta-llama/Llama-3.3-70B-Instruct-Turbo,llama,True,92
pilot_0780,meta-llama/Llama-3.3-70B-Instruct-Turbo,llama,True,92
pilot_1327,Qwen/Qwen2.5-72B-Instruct-Turbo,qwen,True,92
pilot_0118,Qwen/Qwen2.5-72B-Instruct-Turbo,qwen,True,92
pilot_0605,Qwen/Qwen2.5-72B-Instruct-Turbo,qwen,True,92
pilot_0826,meta-llama/Llama-3.3-70B-Instruct-Turbo,llama,True,92
pilot_0772,meta-llama/Llama-3.3-70B-Instruct-Turbo,llama,True,92
pilot_1302,meta-llama/Llama-3.3-70B-Instruct-Turbo,llama,True,92
pilot_1217,Qwen/Qwen2.5-72B-Instruct-Turbo,qwen,True,92
pilot_0702,Qwen/Qwen2.5-72B-Instruct-Turbo,qwen,True,92
pilot_0784,Qwen/Qwen2.5-72B-Instruct-Turbo,qwen,True,92
pilot_0705,Qwen/Qwen2.5-72B-Instruct-Turbo,qwen,True,92
pilot_0688,meta-llama/Llama-3.3-70B-Instruct-Turbo,llama,True,92
pilot_0318,Qwen/Qwen2.5-72B-Instruct-Turbo,qwen,True,92
pilot_0217,meta-llama/Llama-3.3-70B-Instruct-Turbo,llama,True,72
pilot_0297,meta-llama/Llama-3.3-70B-Instruct-Turbo,llama,True,92
pilot_0771,Qwen/Qwen2.5-72B-Instruct-Turbo,qwen,True,75
pilot_0972,meta-llama/Llama-3.3-70B-Instruct-Turbo,llama,True,92
pilot_0815,Qwen/Qwen2.5-72B-Instruct-Turbo,qwen,True,68
pilot_0372,Qwen/Qwen2.5-72B-Instruct-Turbo,qwen,True,92
pilot_0911,meta-llama/Llama-3.3-70B-Instruct-Turbo,llama,True,92
pilot_0256,meta-llama/Llama-3.3-70B-Instruct-Turbo,llama,True,92
pilot_0799,Qwen/Qwen2.5-72B-Instruct-Turbo,qwen,True,45
pilot_1133,meta-llama/Llama-3.3-70B-Instruct-Turbo,llama,True,92
pilot_0182,Qwen/Qwen2.5-72B-Instruct-Turbo,qwen,True,92
pilot_0832,Qwen/Qwen2.5-72B-Instruct-Turbo,qwen,True,92
pilot_0610,Qwen/Qwen2.5-72B-Instruct-Turbo,qwen,True,92
pilot_1473,Qwen/Qwen2.5-72B-Instruct-Turbo,qwen,True,92
pilot_1362,meta-llama/Llama-3.3-70B-Instruct-Turbo,llama,True,92
pilot_0438,meta-llama/Llama-3.3-70B-Instruct-Turbo,llama,True,88
pilot_0312,meta-llama/Llama-3.3-70B-Instruct-Turbo,llama,True,92
pilot_1433,Qwen/Qwen2.5-72B-Instruct-Turbo,qwen,True,92
pilot_0206,Qwen/Qwen2.5-72B-Instruct-Turbo,qwen,True,58
pilot_1179,meta-llama/Llama-3.3-70B-Instruct-Turbo,qwen,False,73
pilot_1381,meta-llama/Llama-3.3-70B-Instruct-Turbo,qwen,False,35
pilot_1281,Qwen/Qwen2.5-72B-Instruct-Turbo,qwen,True,58
pilot_0990,Qwen/Qwen2.5-72B-Instruct-Turbo,qwen,True,60
pilot_0150,Qwen/Qwen2.5-72B-Instruct-Turbo,qwen,True,62
pilot_1314,meta-llama/Llama-3.3-70B-Instruct-Turbo,llama,True,58
pilot_1301,meta-llama/Llama-3.3-70B-Instruct-Turbo,llama,True,45
pilot_0190,meta-llama/Llama-3.3-70B-Instruct-Turbo,qwen,False,92
pilot_1192,Qwen/Qwen2.5-72B-Instruct-Turbo,qwen,True,35
pilot_0158,Qwen/Qwen2.5-72B-Instruct-Turbo,llama,False,55
pilot_0474,meta-llama/Llama-3.3-70B-Instruct-Turbo,qwen,False,55
pilot_0227,meta-llama/Llama-3.3-70B-Instruct-Turbo,llama,True,35
pilot_0608,Qwen/Qwen2.5-72B-Instruct-Turbo,qwen,True,92
pilot_1431,Qwen/Qwen2.5-72B-Instruct-Turbo,qwen,True,55
pilot_0816,meta-llama/Llama-3.3-70B-Instruct-Turbo,llama,True,35
pilot_1272,Qwen/Qwen2.5-72B-Instruct-Turbo,qwen,True,68
pilot_0763,meta-llama/Llama-3.3-70B-Instruct-Turbo,llama,True,92
pilot_0277,meta-llama/Llama-3.3-70B-Instruct-Turbo,llama,True,92
pilot_0755,meta-llama/Llama-3.3-70B-Instruct-Turbo,qwen,False,35
pilot_0989,Qwen/Qwen2.5-72B-Instruct-Turbo,llama,False,58
pilot_0908,Qwen/Qwen2.5-72B-Instruct-Turbo,qwen,True,35
pilot_0321,Qwen/Qwen2.5-72B-Instruct-Turbo,qwen,True,92
pilot_0636,meta-llama/Llama-3.3-70B-Instruct-Turbo,qwen,False,35
pilot_0762,meta-llama/Llama-3.3-70B-Instruct-Turbo,llama,True,92
pilot_0977,meta-llama/Llama-3.3-70B-Instruct-Turbo,qwen,False,52
pilot_0396,Qwen/Qwen2.5-72B-Instruct-Turbo,qwen,True,72
pilot_0490,Qwen/Qwen2.5-72B-Instruct-Turbo,llama,False,32
pilot_1466,meta-llama/Llama-3.3-70B-Instruct-Turbo,llama,True,92
pilot_0993,meta-llama/Llama-3.3-70B-Instruct-Turbo,qwen,False,45
pilot_1186,meta-llama/Llama-3.3-70B-Instruct-Turbo,qwen,False,35
pilot_0236,meta-llama/Llama-3.3-70B-Instruct-Turbo,qwen,False,92
pilot_0337,meta-llama/Llama-3.3-70B-Instruct-Turbo,llama,True,45
pilot_0819,meta-llama/Llama-3.3-70B-Instruct-Turbo,qwen,False,62
pilot_0699,meta-llama/Llama-3.3-70B-Instruct-Turbo,qwen,False,92
pilot_1485,meta-llama/Llama-3.3-70B-Instruct-Turbo,llama,True,35
pilot_1142,meta-llama/Llama-3.3-70B-Instruct-Turbo,qwen,False,60
pilot_0959,meta-llama/Llama-3.3-70B-Instruct-Turbo,llama,True,58
pilot_0407,meta-llama/Llama-3.3-70B-Instruct-Turbo,qwen,False,92
pilot_0770,Qwen/Qwen2.5-72B-Instruct-Turbo,llama,False,35
pilot_0213,meta-llama/Llama-3.3-70B-Instruct-Turbo,qwen,False,55
pilot_1123,Qwen/Qwen2.5-72B-Instruct-Turbo,qwen,True,32
pilot_0270,Qwen/Qwen2.5-72B-Instruct-Turbo,qwen,True,55
pilot_0233,Qwen/Qwen2.5-72B-Instruct-Turbo,llama,False,52
pilot_1304,meta-llama/Llama-3.3-70B-Instruct-Turbo,qwen,False,35
pilot_1328,Qwen/Qwen2.5-72B-Instruct-Turbo,qwen,True,68
pilot_0906,Qwen/Qwen2.5-72B-Instruct-Turbo,qwen,True,32
pilot_0619,meta-llama/Llama-3.3-70B-Instruct-Turbo,llama,True,68
pilot_0230,Qwen/Qwen2.5-72B-Instruct-Turbo,qwen,True,32
pilot_0652,meta-llama/Llama-3.3-70B-Instruct-Turbo,llama,True,92
pilot_0985,meta-llama/Llama-3.3-70B-Instruct-Turbo,qwen,False,35
pilot_0320,meta-llama/Llama-3.3-70B-Instruct-Turbo,llama,True,35
pilot_1369,Qwen/Qwen2.5-72B-Instruct-Turbo,qwen,True,35
pilot_0476,Qwen/Qwen2.5-72B-Instruct-Turbo,qwen,True,35
pilot_1292,Qwen/Qwen2.5-72B-Instruct-Turbo,qwen,True,32
pilot_0341,meta-llama/Llama-3.3-70B-Instruct-Turbo,llama,True,58
pilot_1350,meta-llama/Llama-3.3-70B-Instruct-Turbo,llama,True,45
pilot_0696,meta-llama/Llama-3.3-70B-Instruct-Turbo,llama,True,92
pilot_1135,Qwen/Qwen2.5-72B-Instruct-Turbo,qwen,True,68
pilot_0401,meta-llama/Llama-3.3-70B-Instruct-Turbo,llama,True,92
pilot_1418,Qwen/Qwen2.5-72B-Instruct-Turbo,qwen,True,32
pilot_1237,meta-llama/Llama-3.3-70B-Instruct-Turbo,llama,True,35
pilot_0666,Qwen/Qwen2.5-72B-Instruct-Turbo,qwen,True,35
pilot_0933,meta-llama/Llama-3.3-70B-Instruct-Turbo,qwen,False,32
pilot_0651,meta-llama/Llama-3.3-70B-Instruct-Turbo,llama,True,92
pilot_1200,meta-llama/Llama-3.3-70B-Instruct-Turbo,qwen,False,45
pilot_0778,meta-llama/Llama-3.3-70B-Instruct-Turbo,qwen,False,35
pilot_1393,meta-llama/Llama-3.3-70B-Instruct-Turbo,llama,True,72
pilot_0657,Qwen/Qwen2.5-72B-Instruct-Turbo,qwen,True,92
pilot_1103,Qwen/Qwen2.5-72B-Instruct-Turbo,llama,False,92
pilot_1294,Qwen/Qwen2.5-72B-Instruct-Turbo,qwen,True,35
pilot_0646,Qwen/Qwen2.5-72B-Instruct-Turbo,qwen,True,40
pilot_0715,meta-llama/Llama-3.3-70B-Instruct-Turbo,llama,True,32
pilot_1156,meta-llama/Llama-3.3-70B-Instruct-Turbo,qwen,False,92
pilot_0820,meta-llama/Llama-3.3-70B-Instruct-Turbo,llama,True,35
pilot_1274,meta-llama/Llama-3.3-70B-Instruct-Turbo,qwen,False,35
pilot_0303,Qwen/Qwen2.5-72B-Instruct-Turbo,qwen,True,35
pilot_0311,Qwen/Qwen2.5-72B-Instruct-Turbo,llama,False,35
pilot_1430,Qwen/Qwen2.5-72B-Instruct-Turbo,llama,False,35
pilot_0867,Qwen/Qwen2.5-72B-Instruct-Turbo,qwen,True,35
pilot_1232,Qwen/Qwen2.5-72B-Instruct-Turbo,qwen,True,92
